"1";"Скорость";"Время действия подвижного объекта";"Местного качества"
"2";"Скорость";"Время действия подвижного объекта";"Периодического действия"
"3";"Скорость";"Время действия подвижного объекта";"Объединения"
"4";"Скорость";"Затраты энергии подвижным объектом";"Динамичности"
"5";"Скорость";"Потери информации";"Наоборот"
"6";"Скорость";"Потери информации";"Копирования"
"7";"Скорость";"Надёжность";"Заранее подложенной подушки"
"8";"Скорость";"Надёжность";"Дешевая недолговечность взамен дорогой долговечности"
"9";"Скорость";"Точность измерения";"Дробления"
"10";"Скорость";"Точность измерения";"Посредника"
"11";"Скорость";"Точность изготовления";"Предварительного действия"
"12";"Скорость";"Вредные факторы, действующие на объект";"Дробления"
"13";"Скорость";"Вредные факторы, действующие на объект";"Обратной связи"
"14";"Скорость";"Вредные факторы самого объекта";"Вынесения"
"15";"Скорость";"Вредные факторы самого объекта";"Посредника"
"16";"Скорость";"Удобство изготовления";"Наоборот"
"17";"Скорость";"Удобство изготовления";"Дробления"
"18";"Скорость";"Удобство эксплуатации";"Наоборот"
"19";"Скорость";"Удобство ремонта";"Отброса и регенерации частей"
"20";"Скорость";"Удобство ремонта";"Вынесения"
"21";"Скорость";"Удобство ремонта";"Дешевая недолговечность взамен дорогой долговечности"
"22";"Скорость";"Адаптация, универсальность";"Динамичности"
"23";"Скорость";"Адаптация, универсальность";"Предварительного действия"
"24";"Скорость";"Адаптация, универсальность";"Копирования"
"25";"Скорость";"Сложность устройства";"Предварительного действия"
"26";"Скорость";"Сложность устройства";"Асиметрия"
"27";"Скорость";"Сложность устройства";"Отброса и регенерации частей"
"28";"Скорость";"Сложность контроля и измерения";"Местного качества"
"29";"Скорость";"Сложность контроля и измерения";"Отброса и регенерации частей"
"30";"Скорость";"Сложность контроля и измерения";"Дешевая недолговечность взамен дорогой долговечности"
"31";"Скорость";"Сложность контроля и измерения";"Частичного или избыточного действия"
"32";"Время действия подвижного объекта";"Скорость";"Местного качества"
"33";"Время действия подвижного объекта";"Скорость";"Объединения"
"34";"Время действия подвижного объекта";"Затраты энергии подвижным объектом";"Универсальности"
"35";"Время действия подвижного объекта";"Потери информации";"Предварительного действия"
"36";"Время действия подвижного объекта";"Потери времени";"Непрерывности полезного действия"
"37";"Время действия подвижного объекта";"Потери времени";"Предварительного действия"
"38";"Время действия подвижного объекта";"Надёжность";"Заранее подложенной подушки"
"39";"Время действия подвижного объекта";"Надёжность";"Вынесения"
"40";"Время действия подвижного объекта";"Надёжность";"Наоборот"
"41";"Время действия подвижного объекта";"Точность измерения";"Местного качества"
"42";"Время действия подвижного объекта";"Точность изготовления";"Местного качества"
"43";"Время действия подвижного объекта";"Точность изготовления";"Дешевая недолговечность взамен дорогой долговечности"
"44";"Время действия подвижного объекта";"Точность изготовления";"Частичного или избыточного действия"
"45";"Время действия подвижного объекта";"Вредные факторы, действующие на объект";"Обратить вред в пользу"
"46";"Время действия подвижного объекта";"Вредные факторы, действующие на объект";"Динамичности"
"47";"Время действия подвижного объекта";"Вредные факторы, действующие на объект";"Однородности"
"48";"Время действия подвижного объекта";"Вредные факторы самого объекта";"Частичного или избыточного действия"
"49";"Время действия подвижного объекта";"Вредные факторы самого объекта";"Обратить вред в пользу"
"50";"Время действия подвижного объекта";"Удобство изготовления";"Дешевая недолговечность взамен дорогой долговечности"
"51";"Время действия подвижного объекта";"Удобство изготовления";"Дробления"
"52";"Время действия подвижного объекта";"Удобство изготовления";"Асиметрия"
"53";"Время действия подвижного объекта";"Удобство эксплуатации";"Дешевая недолговечность взамен дорогой долговечности"
"54";"Время действия подвижного объекта";"Удобство ремонта";"Предварительного действия"
"55";"Время действия подвижного объекта";"Удобство ремонта";"Дешевая недолговечность взамен дорогой долговечности"
"56";"Время действия подвижного объекта";"Адаптация, универсальность";"Дробления"
"57";"Время действия подвижного объекта";"Адаптация, универсальность";"Наоборот"
"58";"Время действия подвижного объекта";"Сложность устройства";"Предварительного действия"
"59";"Время действия подвижного объекта";"Сложность устройства";"Асиметрия"
"60";"Время действия подвижного объекта";"Сложность устройства";"Динамичности"
"61";"Время действия подвижного объекта";"Сложность контроля и измерения";"Периодического действия"
"62";"Время действия подвижного объекта";"Производительность";"Периодического действия"
"63";"Время действия неподвижного объекта";"Потери информации";"Предварительного действия"
"64";"Время действия неподвижного объекта";"Потери времени";"Непрерывности полезного действия"
"65";"Время действия неподвижного объекта";"Потери времени";"Предварительного действия"
"66";"Время действия неподвижного объекта";"Потери времени";"Частичного или избыточного действия"
"67";"Время действия неподвижного объекта";"Надёжность";"Отброса и регенерации частей"
"68";"Время действия неподвижного объекта";"Надёжность";"Дешевая недолговечность взамен дорогой долговечности"
"69";"Время действия неподвижного объекта";"Надёжность";"Универсальности"
"70";"Время действия неподвижного объекта";"Точность измерения";"Предварительного действия"
"71";"Время действия неподвижного объекта";"Точность измерения";"Копирования"
"72";"Время действия неподвижного объекта";"Точность измерения";"Посредника"
"73";"Время действия неподвижного объекта";"Вредные факторы, действующие на объект";"Дробления"
"74";"Время действия неподвижного объекта";"Вредные факторы, действующие на объект";"Однородности"
"75";"Время действия неподвижного объекта";"Вредные факторы самого объекта";"Обратить вред в пользу"
"76";"Время действия неподвижного объекта";"Удобство изготовления";"Предварительного действия"
"77";"Время действия неподвижного объекта";"Удобство эксплуатации";"Дробления"
"78";"Время действия неподвижного объекта";"Удобство ремонта";"Дробления"
"79";"Время действия неподвижного объекта";"Адаптация, универсальность";"Вынесения"
"80";"Время действия неподвижного объекта";"Сложность контроля и измерения";"Самообслуживания"
"81";"Время действия неподвижного объекта";"Сложность контроля и измерения";"Отброса и регенерации частей"
"82";"Время действия неподвижного объекта";"Сложность контроля и измерения";"Универсальности"
"83";"Время действия неподвижного объекта";"Производительность";"Непрерывности полезного действия"
"84";"Время действия неподвижного объекта";"Производительность";"Предварительного действия"
"85";"Время действия неподвижного объекта";"Производительность";"Частичного или избыточного действия"
"86";"Затраты энергии подвижным объектом";"Скорость";"Динамичности"
"87";"Затраты энергии подвижным объектом";"Время действия подвижного объекта";"Универсальности"
"88";"Затраты энергии подвижным объектом";"Потери времени";"Периодического действия"
"89";"Затраты энергии подвижным объектом";"Надёжность";"Периодического действия"
"90";"Затраты энергии подвижным объектом";"Надёжность";"Заранее подложенной подушки"
"91";"Затраты энергии подвижным объектом";"Надёжность";"Дешевая недолговечность взамен дорогой долговечности"
"92";"Затраты энергии подвижным объектом";"Точность измерения";"Местного качества"
"93";"Затраты энергии подвижным объектом";"Точность измерения";"Дробления"
"94";"Затраты энергии подвижным объектом";"Вредные факторы, действующие на объект";"Дробления"
"95";"Затраты энергии подвижным объектом";"Вредные факторы, действующие на объект";"Универсальности"
"96";"Затраты энергии подвижным объектом";"Вредные факторы, действующие на объект";"Дешевая недолговечность взамен дорогой долговечности"
"97";"Затраты энергии подвижным объектом";"Вредные факторы самого объекта";"Вынесения"
"98";"Затраты энергии подвижным объектом";"Вредные факторы самого объекта";"Универсальности"
"99";"Затраты энергии подвижным объектом";"Удобство изготовления";"Копирования"
"100";"Затраты энергии подвижным объектом";"Удобство эксплуатации";"Периодического действия"
"101";"Затраты энергии подвижным объектом";"Удобство ремонта";"Дробления"
"102";"Затраты энергии подвижным объектом";"Удобство ремонта";"Динамичности"
"103";"Затраты энергии подвижным объектом";"Адаптация, универсальность";"Динамичности"
"104";"Затраты энергии подвижным объектом";"Адаптация, универсальность";"Наоборот"
"105";"Затраты энергии подвижным объектом";"Адаптация, универсальность";"Частичного или избыточного действия"
"106";"Затраты энергии подвижным объектом";"Сложность устройства";"Вынесения"
"107";"Затраты энергии подвижным объектом";"Сложность устройства";"Дешевая недолговечность взамен дорогой долговечности"
"108";"Затраты энергии неподвижным объектом";"Надёжность";"Предварительного действия"
"109";"Затраты энергии неподвижным объектом";"Надёжность";"Обратной связи"
"110";"Затраты энергии неподвижным объектом";"Вредные факторы, действующие на объект";"Предварительного действия"
"111";"Затраты энергии неподвижным объектом";"Вредные факторы, действующие на объект";"Вынесения"
"112";"Затраты энергии неподвижным объектом";"Вредные факторы, действующие на объект";"Обратить вред в пользу"
"113";"Затраты энергии неподвижным объектом";"Вредные факторы самого объекта";"Периодического действия"
"114";"Затраты энергии неподвижным объектом";"Вредные факторы самого объекта";"Обратить вред в пользу"
"115";"Затраты энергии неподвижным объектом";"Удобство изготовления";"Дробления"
"116";"Затраты энергии неподвижным объектом";"Удобство изготовления";"Асиметрия"
"117";"Затраты энергии неподвижным объектом";"Сложность контроля и измерения";"Периодического действия"
"118";"Затраты энергии неподвижным объектом";"Сложность контроля и измерения";"Частичного или избыточного действия"
"119";"Затраты энергии неподвижным объектом";"Сложность контроля и измерения";"Самообслуживания"
"120";"Затраты энергии неподвижным объектом";"Производительность";"Дробления"
"121";"Затраты энергии неподвижным объектом";"Производительность";"Универсальности"
"122";"Потери информации";"Скорость";"Копирования"
"123";"Потери информации";"Время действия подвижного объекта";"Предварительного действия"
"124";"Потери информации";"Время действия неподвижного объекта";"Предварительного действия"
"125";"Потери информации";"Потери времени";"Посредника"
"126";"Потери информации";"Потери времени";"Копирования"
"127";"Потери информации";"Надёжность";"Предварительного действия"
"128";"Потери информации";"Надёжность";"Обратной связи"
"129";"Потери информации";"Вредные факторы, действующие на объект";"Обратить вред в пользу"
"130";"Потери информации";"Вредные факторы, действующие на объект";"Предварительного действия"
"131";"Потери информации";"Вредные факторы, действующие на объект";"Дробления"
"132";"Потери информации";"Вредные факторы самого объекта";"Предварительного действия"
"133";"Потери информации";"Вредные факторы самого объекта";"Обратить вред в пользу"
"134";"Потери информации";"Удобство эксплуатации";"Дешевая недолговечность взамен дорогой долговечности"
"135";"Потери информации";"Удобство эксплуатации";"Обратить вред в пользу"
"136";"Потери информации";"Сложность контроля и измерения";"Однородности"
"137";"Потери информации";"Производительность";"Наоборот"
"138";"Потери информации";"Производительность";"Обратной связи"
"139";"Потери информации";"Производительность";"Динамичности"
"140";"Потери времени";"Время действия подвижного объекта";"Непрерывности полезного действия"
"141";"Потери времени";"Время действия подвижного объекта";"Предварительного действия"
"142";"Потери времени";"Время действия неподвижного объекта";"Непрерывности полезного действия"
"143";"Потери времени";"Время действия неподвижного объекта";"Предварительного действия"
"144";"Потери времени";"Время действия неподвижного объекта";"Частичного или избыточного действия"
"145";"Потери времени";"Затраты энергии подвижным объектом";"Периодического действия"
"146";"Потери времени";"Затраты энергии неподвижным объектом";"Дробления"
"147";"Потери времени";"Потери информации";"Посредника"
"148";"Потери времени";"Потери информации";"Копирования"
"149";"Потери времени";"Надёжность";"Предварительного действия"
"150";"Потери времени";"Надёжность";"Асиметрия"
"151";"Потери времени";"Точность измерения";"Посредника"
"152";"Потери времени";"Точность измерения";"Отброса и регенерации частей"
"153";"Потери времени";"Точность изготовления";"Посредника"
"154";"Потери времени";"Точность изготовления";"Копирования"
"155";"Потери времени";"Вредные факторы, действующие на объект";"Отброса и регенерации частей"
"156";"Потери времени";"Вредные факторы самого объекта";"Обратить вред в пользу"
"157";"Потери времени";"Удобство изготовления";"Отброса и регенерации частей"
"158";"Потери времени";"Удобство изготовления";"Асиметрия"
"159";"Потери времени";"Удобство эксплуатации";"Асиметрия"
"160";"Потери времени";"Удобство эксплуатации";"Предварительного действия"
"161";"Потери времени";"Удобство эксплуатации";"Отброса и регенерации частей"
"162";"Потери времени";"Удобство ремонта";"Дробления"
"163";"Потери времени";"Удобство ремонта";"Предварительного действия"
"164";"Потери времени";"Сложность устройства";"Универсальности"
"165";"Потери времени";"Сложность контроля и измерения";"Предварительного действия"
"166";"Надёжность";"Скорость";"Заранее подложенной подушки"
"167";"Надёжность";"Время действия подвижного объекта";"Вынесения"
"168";"Надёжность";"Время действия подвижного объекта";"Местного качества"
"169";"Надёжность";"Время действия подвижного объекта";"Самообслуживания"
"170";"Надёжность";"Время действия неподвижного объекта";"Отброса и регенерации частей"
"171";"Надёжность";"Время действия неподвижного объекта";"Дешевая недолговечность взамен дорогой долговечности"
"172";"Надёжность";"Время действия неподвижного объекта";"Универсальности"
"173";"Надёжность";"Затраты энергии подвижным объектом";"Заранее подложенной подушки"
"174";"Надёжность";"Затраты энергии подвижным объектом";"Дешевая недолговечность взамен дорогой долговечности"
"175";"Надёжность";"Затраты энергии подвижным объектом";"Периодического действия"
"176";"Надёжность";"Затраты энергии неподвижным объектом";"Обратной связи"
"177";"Надёжность";"Потери информации";"Предварительного действия"
"178";"Надёжность";"Потери времени";"Предварительного действия"
"179";"Надёжность";"Потери времени";"Асиметрия"
"180";"Надёжность";"Точность измерения";"Местного качества"
"181";"Надёжность";"Точность измерения";"Заранее подложенной подушки"
"182";"Надёжность";"Точность измерения";"Обратной связи"
"183";"Надёжность";"Точность изготовления";"Заранее подложенной подушки"
"184";"Надёжность";"Точность изготовления";"Дробления"
"185";"Надёжность";"Вредные факторы, действующие на объект";"Дешевая недолговечность взамен дорогой долговечности"
"186";"Надёжность";"Вредные факторы, действующие на объект";"Вынесения"
"187";"Надёжность";"Вредные факторы самого объекта";"Вынесения"
"188";"Надёжность";"Вредные факторы самого объекта";"Копирования"
"189";"Надёжность";"Удобство эксплуатации";"Дешевая недолговечность взамен дорогой долговечности"
"190";"Надёжность";"Удобство ремонта";"Дробления"
"191";"Надёжность";"Удобство ремонта";"Заранее подложенной подушки"
"192";"Надёжность";"Адаптация, универсальность";"Наоборот"
"193";"Надёжность";"Адаптация, универсальность";"Посредника"
"194";"Надёжность";"Сложность устройства";"Наоборот"
"195";"Надёжность";"Сложность устройства";"Дробления"
"196";"Надёжность";"Сложность контроля и измерения";"Дешевая недолговечность взамен дорогой долговечности"
"197";"Надёжность";"Производительность";"Дробления"
"198";"Точность измерения";"Скорость";"Наоборот"
"199";"Точность измерения";"Скорость";"Посредника"
"200";"Точность измерения";"Время действия подвижного объекта";"Универсальности"
"201";"Точность измерения";"Время действия неподвижного объекта";"Предварительного действия"
"202";"Точность измерения";"Время действия неподвижного объекта";"Частичного или избыточного действия"
"203";"Точность измерения";"Время действия неподвижного объекта";"Посредника"
"204";"Точность измерения";"Затраты энергии подвижным объектом";"Местного качества"
"205";"Точность измерения";"Затраты энергии подвижным объектом";"Универсальности"
"206";"Точность измерения";"Потери времени";"Посредника"
"207";"Точность измерения";"Потери времени";"Отброса и регенерации частей"
"208";"Точность измерения";"Надёжность";"Объединения"
"209";"Точность измерения";"Надёжность";"Заранее подложенной подушки"
"210";"Точность измерения";"Надёжность";"Дробления"
"211";"Точность измерения";"Надёжность";"Обратной связи"
"212";"Точность измерения";"Вредные факторы, действующие на объект";"Посредника"
"213";"Точность измерения";"Вредные факторы, действующие на объект";"Обратить вред в пользу"
"214";"Точность измерения";"Вредные факторы, действующие на объект";"Копирования"
"215";"Точность измерения";"Вредные факторы самого объекта";"Местного качества"
"216";"Точность измерения";"Вредные факторы самого объекта";"Предварительного действия"
"217";"Точность измерения";"Удобство изготовления";"Универсальности"
"218";"Точность измерения";"Удобство изготовления";"Самообслуживания"
"219";"Точность измерения";"Удобство эксплуатации";"Дробления"
"220";"Точность измерения";"Удобство эксплуатации";"Наоборот"
"221";"Точность измерения";"Удобство эксплуатации";"Отброса и регенерации частей"
"222";"Точность измерения";"Удобство ремонта";"Дробления"
"223";"Точность измерения";"Удобство ремонта";"Наоборот"
"224";"Точность измерения";"Удобство ремонта";"Заранее подложенной подушки"
"225";"Точность измерения";"Адаптация, универсальность";"Наоборот"
"226";"Точность измерения";"Адаптация, универсальность";"Вынесения"
"227";"Точность измерения";"Сложность устройства";"Дешевая недолговечность взамен дорогой долговечности"
"228";"Точность измерения";"Сложность устройства";"Предварительного действия"
"229";"Точность измерения";"Сложность устройства";"Отброса и регенерации частей"
"230";"Точность измерения";"Сложность контроля и измерения";"Копирования"
"231";"Точность измерения";"Сложность контроля и измерения";"Посредника"
"232";"Точность измерения";"Производительность";"Предварительного действия"
"233";"Точность измерения";"Производительность";"Отброса и регенерации частей"
"234";"Точность изготовления";"Скорость";"Предварительного действия"
"235";"Точность изготовления";"Время действия подвижного объекта";"Местного качества"
"236";"Точность изготовления";"Время действия подвижного объекта";"Дешевая недолговечность взамен дорогой долговечности"
"237";"Точность изготовления";"Затраты энергии подвижным объектом";"Вынесения"
"238";"Точность изготовления";"Потери времени";"Копирования"
"239";"Точность изготовления";"Надёжность";"Заранее подложенной подушки"
"240";"Точность изготовления";"Надёжность";"Дробления"
"241";"Точность изготовления";"Вредные факторы, действующие на объект";"Копирования"
"242";"Точность изготовления";"Вредные факторы, действующие на объект";"Предварительного действия"
"243";"Точность изготовления";"Вредные факторы самого объекта";"Асиметрия"
"244";"Точность изготовления";"Вредные факторы самого объекта";"Отброса и регенерации частей"
"245";"Точность изготовления";"Вредные факторы самого объекта";"Копирования"
"246";"Точность изготовления";"Удобство эксплуатации";"Дробления"
"247";"Точность изготовления";"Удобство эксплуатации";"Обратной связи"
"248";"Точность изготовления";"Удобство ремонта";"Самообслуживания"
"249";"Точность изготовления";"Удобство ремонта";"Предварительного действия"
"250";"Точность изготовления";"Сложность устройства";"Копирования"
"251";"Точность изготовления";"Сложность устройства";"Вынесения"
"252";"Точность изготовления";"Производительность";"Предварительного действия"
"253";"Вредные факторы, действующие на объект";"Скорость";"Обратить вред в пользу"
"254";"Вредные факторы, действующие на объект";"Время действия подвижного объекта";"Обратить вред в пользу"
"255";"Вредные факторы, действующие на объект";"Время действия подвижного объекта";"Динамичности"
"256";"Вредные факторы, действующие на объект";"Время действия подвижного объекта";"Однородности"
"257";"Вредные факторы, действующие на объект";"Время действия неподвижного объекта";"Дробления"
"258";"Вредные факторы, действующие на объект";"Время действия неподвижного объекта";"Однородности"
"259";"Вредные факторы, действующие на объект";"Затраты энергии подвижным объектом";"Дробления"
"260";"Вредные факторы, действующие на объект";"Затраты энергии подвижным объектом";"Посредника"
"261";"Вредные факторы, действующие на объект";"Затраты энергии подвижным объектом";"Универсальности"
"262";"Вредные факторы, действующие на объект";"Затраты энергии подвижным объектом";"Дешевая недолговечность взамен дорогой долговечности"
"263";"Вредные факторы, действующие на объект";"Затраты энергии неподвижным объектом";"Предварительного действия"
"264";"Вредные факторы, действующие на объект";"Затраты энергии неподвижным объектом";"Вынесения"
"265";"Вредные факторы, действующие на объект";"Затраты энергии неподвижным объектом";"Обратить вред в пользу"
"266";"Вредные факторы, действующие на объект";"Потери информации";"Обратить вред в пользу"
"267";"Вредные факторы, действующие на объект";"Потери информации";"Предварительного действия"
"268";"Вредные факторы, действующие на объект";"Потери информации";"Вынесения"
"269";"Вредные факторы, действующие на объект";"Потери времени";"Отброса и регенерации частей"
"270";"Вредные факторы, действующие на объект";"Надёжность";"Дешевая недолговечность взамен дорогой долговечности"
"271";"Вредные факторы, действующие на объект";"Надёжность";"Посредника"
"272";"Вредные факторы, действующие на объект";"Надёжность";"Вынесения"
"273";"Вредные факторы, действующие на объект";"Точность измерения";"Однородности"
"274";"Вредные факторы, действующие на объект";"Точность измерения";"Обратной связи"
"275";"Вредные факторы, действующие на объект";"Точность измерения";"Копирования"
"276";"Вредные факторы, действующие на объект";"Точность изготовления";"Копирования"
"277";"Вредные факторы, действующие на объект";"Точность изготовления";"Предварительного действия"
"278";"Вредные факторы, действующие на объект";"Удобство изготовления";"Посредника"
"279";"Вредные факторы, действующие на объект";"Удобство изготовления";"Вынесения"
"280";"Вредные факторы, действующие на объект";"Удобство эксплуатации";"Вынесения"
"281";"Вредные факторы, действующие на объект";"Удобство эксплуатации";"Самообслуживания"
"282";"Вредные факторы, действующие на объект";"Удобство ремонта";"Предварительного действия"
"283";"Вредные факторы, действующие на объект";"Удобство ремонта";"Вынесения"
"284";"Вредные факторы, действующие на объект";"Адаптация, универсальность";"Заранее подложенной подушки"
"285";"Вредные факторы, действующие на объект";"Адаптация, универсальность";"Обратить вред в пользу"
"286";"Вредные факторы, действующие на объект";"Сложность устройства";"Обратить вред в пользу"
"287";"Вредные факторы, действующие на объект";"Сложность устройства";"Периодического действия"
"288";"Вредные факторы, действующие на объект";"Сложность контроля и измерения";"Обратить вред в пользу"
"289";"Вредные факторы, действующие на объект";"Сложность контроля и измерения";"Периодического действия"
"290";"Вредные факторы, действующие на объект";"Производительность";"Обратить вред в пользу"
"291";"Вредные факторы, действующие на объект";"Производительность";"Наоборот"
"292";"Вредные факторы, действующие на объект";"Производительность";"Посредника"
"293";"Вредные факторы самого объекта";"Скорость";"Местного качества"
"294";"Вредные факторы самого объекта";"Скорость";"Обратной связи"
"295";"Вредные факторы самого объекта";"Время действия подвижного объекта";"Обратить вред в пользу"
"296";"Вредные факторы самого объекта";"Время действия подвижного объекта";"Динамичности"
"297";"Вредные факторы самого объекта";"Время действия подвижного объекта";"Однородности"
"298";"Вредные факторы самого объекта";"Время действия неподвижного объекта";"Частичного или избыточного действия"
"299";"Вредные факторы самого объекта";"Время действия неподвижного объекта";"Обратить вред в пользу"
"300";"Вредные факторы самого объекта";"Затраты энергии подвижным объектом";"Вынесения"
"301";"Вредные факторы самого объекта";"Затраты энергии подвижным объектом";"Универсальности"
"302";"Вредные факторы самого объекта";"Затраты энергии неподвижным объектом";"Периодического действия"
"303";"Вредные факторы самого объекта";"Затраты энергии неподвижным объектом";"Обратить вред в пользу"
"304";"Вредные факторы самого объекта";"Потери информации";"Предварительного действия"
"305";"Вредные факторы самого объекта";"Потери времени";"Дробления"
"306";"Вредные факторы самого объекта";"Потери времени";"Обратить вред в пользу"
"307";"Вредные факторы самого объекта";"Надёжность";"Посредника"
"308";"Вредные факторы самого объекта";"Надёжность";"Вынесения"
"309";"Вредные факторы самого объекта";"Точность измерения";"Местного качества"
"310";"Вредные факторы самого объекта";"Точность измерения";"Однородности"
"311";"Вредные факторы самого объекта";"Точность измерения";"Копирования"
"312";"Вредные факторы самого объекта";"Точность изготовления";"Асиметрия"
"313";"Вредные факторы самого объекта";"Точность изготовления";"Отброса и регенерации частей"
"314";"Вредные факторы самого объекта";"Точность изготовления";"Копирования"
"315";"Вредные факторы самого объекта";"Сложность устройства";"Периодического действия"
"316";"Вредные факторы самого объекта";"Сложность устройства";"Дробления"
"317";"Вредные факторы самого объекта";"Сложность контроля и измерения";"Вынесения"
"318";"Вредные факторы самого объекта";"Сложность контроля и измерения";"Дешевая недолговечность взамен дорогой долговечности"
"319";"Вредные факторы самого объекта";"Сложность контроля и измерения";"Дробления"
"320";"Вредные факторы самого объекта";"Производительность";"Обратить вред в пользу"
"321";"Удобство изготовления";"Скорость";"Наоборот"
"322";"Удобство изготовления";"Скорость";"Дробления"
"323";"Удобство изготовления";"Время действия подвижного объекта";"Дешевая недолговечность взамен дорогой долговечности"
"324";"Удобство изготовления";"Время действия подвижного объекта";"Асиметрия"
"325";"Удобство изготовления";"Время действия подвижного объекта";"Дробления"
"326";"Удобство изготовления";"Время действия неподвижного объекта";"Частичного или избыточного действия"
"327";"Удобство изготовления";"Затраты энергии подвижным объектом";"Копирования"
"328";"Удобство изготовления";"Затраты энергии подвижным объектом";"Дешевая недолговечность взамен дорогой долговечности"
"329";"Удобство изготовления";"Затраты энергии подвижным объектом";"Дробления"
"330";"Удобство изготовления";"Затраты энергии неподвижным объектом";"Дробления"
"331";"Удобство изготовления";"Затраты энергии неподвижным объектом";"Асиметрия"
"332";"Удобство изготовления";"Потери информации";"Посредника"
"333";"Удобство изготовления";"Потери информации";"Частичного или избыточного действия"
"334";"Удобство изготовления";"Потери времени";"Отброса и регенерации частей"
"335";"Удобство изготовления";"Потери времени";"Асиметрия"
"336";"Удобство изготовления";"Точность измерения";"Дробления"
"337";"Удобство изготовления";"Вредные факторы, действующие на объект";"Посредника"
"338";"Удобство изготовления";"Вредные факторы, действующие на объект";"Вынесения"
"339";"Удобство изготовления";"Удобство эксплуатации";"Вынесения"
"340";"Удобство изготовления";"Удобство эксплуатации";"Объединения"
"341";"Удобство изготовления";"Удобство эксплуатации";"Наоборот"
"342";"Удобство изготовления";"Удобство эксплуатации";"Частичного или избыточного действия"
"343";"Удобство изготовления";"Удобство ремонта";"Дробления"
"344";"Удобство изготовления";"Удобство ремонта";"Заранее подложенной подушки"
"345";"Удобство изготовления";"Удобство ремонта";"Предварительного антидействия"
"346";"Удобство изготовления";"Адаптация, универсальность";"Вынесения"
"347";"Удобство изготовления";"Адаптация, универсальность";"Наоборот"
"348";"Удобство изготовления";"Адаптация, универсальность";"Динамичности"
"349";"Удобство изготовления";"Сложность устройства";"Дешевая недолговечность взамен дорогой долговечности"
"350";"Удобство изготовления";"Сложность устройства";"Копирования"
"351";"Удобство изготовления";"Сложность устройства";"Дробления"
"352";"Удобство изготовления";"Сложность контроля и измерения";"Универсальности"
"353";"Удобство изготовления";"Сложность контроля и измерения";"Заранее подложенной подушки"
"354";"Удобство изготовления";"Сложность контроля и измерения";"Дробления"
"355";"Удобство изготовления";"Производительность";"Дробления"
"356";"Удобство изготовления";"Производительность";"Предварительного действия"
"357";"Удобство эксплуатации";"Скорость";"Наоборот"
"358";"Удобство эксплуатации";"Скорость";"Отброса и регенерации частей"
"359";"Удобство эксплуатации";"Время действия подвижного объекта";"Местного качества"
"360";"Удобство эксплуатации";"Время действия подвижного объекта";"Самообслуживания"
"361";"Удобство эксплуатации";"Время действия неподвижного объекта";"Дробления"
"362";"Удобство эксплуатации";"Время действия неподвижного объекта";"Частичного или избыточного действия"
"363";"Удобство эксплуатации";"Время действия неподвижного объекта";"Самообслуживания"
"364";"Удобство эксплуатации";"Затраты энергии подвижным объектом";"Дробления"
"365";"Удобство эксплуатации";"Затраты энергии подвижным объектом";"Наоборот"
"366";"Удобство эксплуатации";"Затраты энергии подвижным объектом";"Посредника"
"367";"Удобство эксплуатации";"Потери информации";"Асиметрия"
"368";"Удобство эксплуатации";"Потери информации";"Предварительного действия"
"369";"Удобство эксплуатации";"Потери информации";"Дешевая недолговечность взамен дорогой долговечности"
"370";"Удобство эксплуатации";"Потери информации";"Обратить вред в пользу"
"371";"Удобство эксплуатации";"Потери времени";"Асиметрия"
"372";"Удобство эксплуатации";"Потери времени";"Предварительного действия"
"373";"Удобство эксплуатации";"Потери времени";"Отброса и регенерации частей"
"374";"Удобство эксплуатации";"Надёжность";"Дешевая недолговечность взамен дорогой долговечности"
"375";"Удобство эксплуатации";"Точность измерения";"Самообслуживания"
"376";"Удобство эксплуатации";"Точность измерения";"Наоборот"
"377";"Удобство эксплуатации";"Точность измерения";"Вынесения"
"378";"Удобство эксплуатации";"Точность измерения";"Отброса и регенерации частей"
"379";"Удобство эксплуатации";"Точность изготовления";"Дробления"
"380";"Удобство эксплуатации";"Точность изготовления";"Обратной связи"
"381";"Удобство эксплуатации";"Вредные факторы, действующие на объект";"Вынесения"
"382";"Удобство эксплуатации";"Вредные факторы, действующие на объект";"Самообслуживания"
"383";"Удобство эксплуатации";"Удобство изготовления";"Вынесения"
"384";"Удобство эксплуатации";"Удобство изготовления";"Объединения"
"385";"Удобство эксплуатации";"Удобство ремонта";"Копирования"
"386";"Удобство эксплуатации";"Удобство ремонта";"Дробления"
"387";"Удобство эксплуатации";"Адаптация, универсальность";"Динамичности"
"388";"Удобство эксплуатации";"Адаптация, универсальность";"Отброса и регенерации частей"
"389";"Удобство эксплуатации";"Адаптация, универсальность";"Дробления"
"390";"Удобство эксплуатации";"Адаптация, универсальность";"Частичного или избыточного действия"
"391";"Удобство эксплуатации";"Сложность устройства";"Копирования"
"392";"Удобство эксплуатации";"Производительность";"Динамичности"
"393";"Удобство эксплуатации";"Производительность";"Дробления"
"394";"Удобство ремонта";"Скорость";"Отброса и регенерации частей"
"395";"Удобство ремонта";"Скорость";"Предварительного антидействия"
"396";"Удобство ремонта";"Время действия подвижного объекта";"Заранее подложенной подушки"
"397";"Удобство ремонта";"Время действия подвижного объекта";"Дешевая недолговечность взамен дорогой долговечности"
"398";"Удобство ремонта";"Время действия неподвижного объекта";"Дробления"
"399";"Удобство ремонта";"Затраты энергии подвижным объектом";"Динамичности"
"400";"Удобство ремонта";"Затраты энергии подвижным объектом";"Дробления"
"401";"Удобство ремонта";"Затраты энергии подвижным объектом";"Частичного или избыточного действия"
"402";"Удобство ремонта";"Потери времени";"Дробления"
"403";"Удобство ремонта";"Потери времени";"Предварительного действия"
"404";"Удобство ремонта";"Потери времени";"Самообслуживания"
"405";"Удобство ремонта";"Надёжность";"Заранее подложенной подушки"
"406";"Удобство ремонта";"Надёжность";"Предварительного действия"
"407";"Удобство ремонта";"Надёжность";"Дробления"
"408";"Удобство ремонта";"Надёжность";"Частичного или избыточного действия"
"409";"Удобство ремонта";"Точность измерения";"Предварительного действия"
"410";"Удобство ремонта";"Точность измерения";"Вынесения"
"411";"Удобство ремонта";"Точность измерения";"Наоборот"
"412";"Удобство ремонта";"Точность изготовления";"Самообслуживания"
"413";"Удобство ремонта";"Точность изготовления";"Предварительного действия"
"414";"Удобство ремонта";"Вредные факторы, действующие на объект";"Предварительного действия"
"415";"Удобство ремонта";"Вредные факторы, действующие на объект";"Вынесения"
"416";"Удобство ремонта";"Вредные факторы, действующие на объект";"Частичного или избыточного действия"
"417";"Удобство ремонта";"Удобство изготовления";"Дробления"
"418";"Удобство ремонта";"Удобство изготовления";"Заранее подложенной подушки"
"419";"Удобство ремонта";"Удобство изготовления";"Предварительного действия"
"420";"Удобство ремонта";"Удобство эксплуатации";"Дробления"
"421";"Удобство ремонта";"Удобство эксплуатации";"Копирования"
"422";"Удобство ремонта";"Удобство эксплуатации";"Динамичности"
"423";"Удобство ремонта";"Адаптация, универсальность";"Матрешки"
"424";"Удобство ремонта";"Адаптация, универсальность";"Дробления"
"425";"Удобство ремонта";"Адаптация, универсальность";"Асиметрия"
"426";"Удобство ремонта";"Адаптация, универсальность";"Частичного или избыточного действия"
"427";"Удобство ремонта";"Сложность устройства";"Дробления"
"428";"Удобство ремонта";"Сложность устройства";"Заранее подложенной подушки"
"429";"Удобство ремонта";"Сложность устройства";"Наоборот"
"430";"Удобство ремонта";"Производительность";"Дробления"
"431";"Удобство ремонта";"Производительность";"Предварительного действия"
"432";"Адаптация, универсальность";"Скорость";"Предварительного действия"
"433";"Адаптация, универсальность";"Время действия подвижного объекта";"Наоборот"
"434";"Адаптация, универсальность";"Время действия подвижного объекта";"Дробления"
"435";"Адаптация, универсальность";"Время действия неподвижного объекта";"Вынесения"
"436";"Адаптация, универсальность";"Время действия неподвижного объекта";"Частичного или избыточного действия"
"437";"Адаптация, универсальность";"Затраты энергии подвижным объектом";"Периодического действия"
"438";"Адаптация, универсальность";"Затраты энергии подвижным объектом";"Наоборот"
"439";"Адаптация, универсальность";"Надёжность";"Наоборот"
"440";"Адаптация, универсальность";"Надёжность";"Посредника"
"441";"Адаптация, универсальность";"Точность измерения";"Объединения"
"442";"Адаптация, универсальность";"Точность измерения";"Дробления"
"443";"Адаптация, универсальность";"Точность измерения";"Предварительного действия"
"444";"Адаптация, универсальность";"Вредные факторы, действующие на объект";"Заранее подложенной подушки"
"445";"Адаптация, универсальность";"Удобство изготовления";"Дробления"
"446";"Адаптация, универсальность";"Удобство изготовления";"Наоборот"
"447";"Адаптация, универсальность";"Удобство эксплуатации";"Динамичности"
"448";"Адаптация, универсальность";"Удобство эксплуатации";"Отброса и регенерации частей"
"449";"Адаптация, универсальность";"Удобство эксплуатации";"Дробления"
"450";"Адаптация, универсальность";"Удобство эксплуатации";"Частичного или избыточного действия"
"451";"Адаптация, универсальность";"Удобство ремонта";"Дробления"
"452";"Адаптация, универсальность";"Удобство ремонта";"Частичного или избыточного действия"
"453";"Адаптация, универсальность";"Удобство ремонта";"Матрешки"
"454";"Адаптация, универсальность";"Удобство ремонта";"Асиметрия"
"455";"Адаптация, универсальность";"Сложность устройства";"Динамичности"
"456";"Адаптация, универсальность";"Производительность";"Копирования"
"457";"Адаптация, универсальность";"Производительность";"Универсальности"
"458";"Сложность устройства";"Скорость";"Отброса и регенерации частей"
"459";"Сложность устройства";"Скорость";"Предварительного действия"
"460";"Сложность устройства";"Время действия подвижного объекта";"Предварительного действия"
"461";"Сложность устройства";"Время действия подвижного объекта";"Асиметрия"
"462";"Сложность устройства";"Время действия подвижного объекта";"Динамичности"
"463";"Сложность устройства";"Затраты энергии подвижным объектом";"Дешевая недолговечность взамен дорогой долговечности"
"464";"Сложность устройства";"Затраты энергии подвижным объектом";"Вынесения"
"465";"Сложность устройства";"Потери времени";"Универсальности"
"466";"Сложность устройства";"Надёжность";"Наоборот"
"467";"Сложность устройства";"Надёжность";"Дробления"
"468";"Сложность устройства";"Точность измерения";"Вынесения"
"469";"Сложность устройства";"Точность измерения";"Копирования"
"470";"Сложность устройства";"Точность измерения";"Предварительного действия"
"471";"Сложность устройства";"Точность измерения";"Отброса и регенерации частей"
"472";"Сложность устройства";"Точность изготовления";"Копирования"
"473";"Сложность устройства";"Точность изготовления";"Посредника"
"474";"Сложность устройства";"Вредные факторы, действующие на объект";"Обратить вред в пользу"
"475";"Сложность устройства";"Вредные факторы, действующие на объект";"Периодического действия"
"476";"Сложность устройства";"Вредные факторы самого объекта";"Периодического действия"
"477";"Сложность устройства";"Вредные факторы самого объекта";"Дробления"
"478";"Сложность устройства";"Удобство изготовления";"Дешевая недолговечность взамен дорогой долговечности"
"479";"Сложность устройства";"Удобство изготовления";"Копирования"
"480";"Сложность устройства";"Удобство изготовления";"Дробления"
"481";"Сложность устройства";"Удобство изготовления";"Наоборот"
"482";"Сложность устройства";"Удобство эксплуатации";"Дешевая недолговечность взамен дорогой долговечности"
"483";"Сложность устройства";"Удобство эксплуатации";"Предварительного антидействия"
"484";"Сложность устройства";"Удобство эксплуатации";"Копирования"
"485";"Сложность устройства";"Удобство эксплуатации";"Посредника"
"486";"Сложность устройства";"Удобство ремонта";"Дробления"
"487";"Сложность устройства";"Удобство ремонта";"Наоборот"
"488";"Сложность устройства";"Адаптация, универсальность";"Динамичности"
"489";"Сложность устройства";"Сложность контроля и измерения";"Динамичности"
"490";"Сложность устройства";"Сложность контроля и измерения";"Предварительного действия"
"491";"Сложность контроля и измерения";"Скорость";"Местного качества"
"492";"Сложность контроля и измерения";"Скорость";"Асиметрия"
"493";"Сложность контроля и измерения";"Скорость";"Частичного или избыточного действия"
"494";"Сложность контроля и измерения";"Время действия подвижного объекта";"Периодического действия"
"495";"Сложность контроля и измерения";"Время действия подвижного объекта";"Самообслуживания"
"496";"Сложность контроля и измерения";"Время действия неподвижного объекта";"Самообслуживания"
"497";"Сложность контроля и измерения";"Время действия неподвижного объекта";"Отброса и регенерации частей"
"498";"Сложность контроля и измерения";"Время действия неподвижного объекта";"Универсальности"
"499";"Сложность контроля и измерения";"Затраты энергии неподвижным объектом";"Периодического действия"
"500";"Сложность контроля и измерения";"Затраты энергии неподвижным объектом";"Частичного или избыточного действия"
"501";"Сложность контроля и измерения";"Потери информации";"Однородности"
"502";"Сложность контроля и измерения";"Потери информации";"Дешевая недолговечность взамен дорогой долговечности"
"503";"Сложность контроля и измерения";"Потери информации";"Обратить вред в пользу"
"504";"Сложность контроля и измерения";"Потери времени";"Предварительного антидействия"
"505";"Сложность контроля и измерения";"Надёжность";"Дешевая недолговечность взамен дорогой долговечности"
"506";"Сложность контроля и измерения";"Точность измерения";"Копирования"
"507";"Сложность контроля и измерения";"Точность измерения";"Посредника"
"508";"Сложность контроля и измерения";"Вредные факторы, действующие на объект";"Обратить вред в пользу"
"509";"Сложность контроля и измерения";"Вредные факторы, действующие на объект";"Периодического действия"
"510";"Сложность контроля и измерения";"Вредные факторы самого объекта";"Вынесения"
"511";"Сложность контроля и измерения";"Удобство изготовления";"Объединения"
"512";"Сложность контроля и измерения";"Удобство изготовления";"Заранее подложенной подушки"
"513";"Сложность контроля и измерения";"Удобство эксплуатации";"Вынесения"
"514";"Сложность контроля и измерения";"Удобство эксплуатации";"Объединения"
"515";"Сложность контроля и измерения";"Удобство ремонта";"Копирования"
"516";"Сложность контроля и измерения";"Адаптация, универсальность";"Дробления"
"517";"Сложность контроля и измерения";"Адаптация, универсальность";"Динамичности"
"518";"Сложность контроля и измерения";"Сложность устройства";"Динамичности"
"519";"Сложность контроля и измерения";"Сложность устройства";"Предварительного действия"
"520";"Производительность";"Время действия подвижного объекта";"Предварительного действия"
"521";"Производительность";"Время действия подвижного объекта";"Вынесения"
"522";"Производительность";"Время действия неподвижного объекта";"Непрерывности полезного действия"
"523";"Производительность";"Время действия неподвижного объекта";"Предварительного действия"
"524";"Производительность";"Время действия неподвижного объекта";"Частичного или избыточного действия"
"525";"Производительность";"Затраты энергии подвижным объектом";"Предварительного действия"
"526";"Производительность";"Затраты энергии подвижным объектом";"Периодического действия"
"527";"Производительность";"Затраты энергии неподвижным объектом";"Дробления"
"528";"Производительность";"Потери информации";"Наоборот"
"529";"Производительность";"Потери информации";"Динамичности"
"530";"Производительность";"Потери информации";"Обратной связи"
"531";"Производительность";"Надёжность";"Дробления"
"532";"Производительность";"Надёжность";"Предварительного действия"
"533";"Производительность";"Точность измерения";"Дробления"
"534";"Производительность";"Точность измерения";"Предварительного действия"
"535";"Производительность";"Точность измерения";"Отброса и регенерации частей"
"536";"Производительность";"Точность изготовления";"Дробления"
"537";"Производительность";"Точность изготовления";"Предварительного действия"
"538";"Производительность";"Вредные факторы, действующие на объект";"Обратить вред в пользу"
"539";"Производительность";"Вредные факторы, действующие на объект";"Наоборот"
"540";"Производительность";"Вредные факторы самого объекта";"Обратить вред в пользу"
"541";"Производительность";"Удобство изготовления";"Вынесения"
"542";"Производительность";"Удобство изготовления";"Посредника"
"543";"Производительность";"Удобство эксплуатации";"Дробления"
"544";"Производительность";"Удобство эксплуатации";"Матрешки"
"545";"Производительность";"Удобство эксплуатации";"Периодического действия"
"546";"Производительность";"Удобство ремонта";"Дробления"
"547";"Производительность";"Удобство ремонта";"Предварительного действия"
"548";"Производительность";"Удобство ремонта";"Самообслуживания"
"549";"Производительность";"Адаптация, универсальность";"Дробления"
"550";"Производительность";"Сложность устройства";"Посредника"
"551";"Производительность";"Сложность контроля и измерения";"Дешевая недолговечность взамен дорогой долговечности"
"552";"Производительность";"Сложность контроля и измерения";"Вынесения"
